{"cameraMode":{"drawMode":0,"name":"Shaded","section":"Shading Mode"},"sceneLighting":true,"audioPlay":false,"sceneViewState":{"m_AlwaysRefresh":false,"showFog":true,"showSkybox":true,"showFlares":true,"showImageEffects":true,"showParticleSystems":true,"showVisualEffectGraphs":true,"m_FxEnabled":true},"in2DMode":false,"pivot":{"x":345.34088134765627,"y":171.2529296875,"z":-68.33053588867188},"rotation":{"x":-0.011983412317931652,"y":0.05247209966182709,"z":0.0006296664359979332,"w":0.9985572695732117},"size":355.43719482421877,"orthographic":true}